academic-magnet-high-school,north-charleston,sc
academy-for-information-technology,scotch-plains,nj
alpharetta-high-school,alpharetta,ga
aragon-high-school,san-mateo,ca
arcadia-high-school,arcadia,oh
arizona-college-prep-erie-campus,chandler,az
ashley-ridge-high-school,summerville,sc
baccalaureate-school-for-global-education,long-island-city,ny
bard-high-school-early-college,new-york,ny
basis-flagstaff,flagstaff,az
basis-tucson,north-tucson,az
bayless-senior-high-school,st-louis,mo
bellevue-high-school,bellevue,wa
blair-high-school,pasadena,ca
blue-valley-north-high-school,overland-park,ks
brighton-high-school,rochester,ny
bronx-high-school-of-science,bronx,ny
brooklyn-technical-high-school,brooklyn,ny
campolindo-high-school,moraga,ca
canyon-crest-academy,san-diego,ca
carrboro-high-school,carrboro,nc
carroll-senior-high-school,southlake,tx
cedar-key-high-school,cedar-key,fl
clements-high-school,sugar-land,tx
columbia-river-high-school,vancouver,wa
columbus-high-school,columbus,ga
commack-high-school,commack,ny
concord-carlisle-high-school,concord,ma
coppell-high-school,coppell,tx
crystal-lake-central-high-school,crystal-lake,il
dougherty-valley-high-school,san-ramon,ca
eagan-senior-high-school,eagan,mn
east-chapel-hill-high-school,chapel-hill,nc
elsik-high-school,houston,tx
fairfield-high-school,fairfield,tx
fairview-high-school,boulder,co
flowery-branch-high-school,flowery-branch,ga
fox-chapel-area-high-school,pittsburgh,pa
glenbrook-south-high-school,glenview,il
glendale-high-school,glendale,az
goffstown-high-school,goffstown,nh
granada-hills-charter-high-school,granada-hills,ca
haas-hall-academy,fayetteville,ar
hanover-high-school,hanover,nh
harriton-senior-high-school,rosemont,pa
health-careers-high-school,san-antonio,tx
highland-park-high-school,highland-park,il
hinsdale-central-high-school,hinsdale,il
hopkinton-high-school,hopkinton,ma
huron-high-school,ann-arbor,mi
illinois-mathematics-and-science-academy,aurora,il
international-academy,bloomfield-hills,mi
island-trees-high-school,levittown,ny
james-madison-high-school,vienna,va
jp-stevens-high-school,edison,nj
lake-city-high-school,lake-city,mi
lawrence-free-state-high-school,lawrence,ks
lexington-high-school,lexington,ma
libertyville-high-school,libertyville,il
lovejoy-high-school,lucas,tx
madeira-high-school,cincinnati,oh
mamaroneck-high-school,mamaroneck,ny
mclean-high-school,mclean,va
memorial-high-school,houston,tx
mira-costa-high-school,manhattan-beach,ca
mountain-lakes-high-school,mountain-lakes,nj
mt-brook-high-school,mountain-brook,al
naperville-central-high-school,naperville,il
neuqua-valley-high-school,naperville,il
new-trier-township-high-school,winnetka,il
niles-north-high-school,skokie,il
north-carolina-school-of-science-and-mathematics,durham,nc
northside-college-preparatory-high-school,chicago,il
oakton-high-school,vienna,va
otsego-high-school,otsego,mi
panther-creek-high-school,cary,nc
parish-hill-high-school,chaplin,ct
parkway-central-high-school,chesterfield,mo
pelham-memorial-high-school,pelham,ny
piedmont-high-school,piedmont,ca
providence-high-school,charlotte,nc
radnor-senior-high-school,radnor,pa
redwood-high-school,larkspur,ca
reedy-high-school,frisco,tx
richard-montgomery-high-school,rockville,md
richland-high-school,north-richland-hills,tx
ridgewood-high-school,ridgewood,nj
riverside-stem-academy,riverside,ca
santa-monica-high-school,santa-monica,ca
south-pointe-high-school,rock-hill,sc
south-side-high-school,rockville-centre,ny
staten-island-technical-high-school,staten-island,ny
sterling-high-school,somerdale,nj
stone-bridge-high-school,ashburn,va
sutton-high-school,sutton,ma
the-gatton-academy,bowling-green,ky
the-mississippi-school-for-mathematics-and-science,columbus,ms
university-high-school,normal,il
volcano-vista-high-school,albuquerque,nm
walton-high-school,marietta,ga
waubonsie-valley,high-school-aurora,il
westlake-academy,westlake,tx
westlake-high-school,westlake-village,ca
westwood-high-school,austin,tx
whitefish-bay-high-school,whitefish-bay,wi
whitney-high-school,cerritos,ca